CGPA	Python_Skill	SQL_Skill	Machine_Learning_Skill	Projects	Internship	Communication_Skill	Problem_Solving_Skill	Deep_Learning_Skill	Data_Analysis_Skill	Job_Role
7.87	1	3	1	3	0	2	4	4	3	AI Engineer
6.66	4	3	4	3	0	4	1	1	4	Data Analyst
8.28	3	2	5	2	1	4	5	2	5	AI Engineer
8.45	2	4	5	2	0	4	1	4	4	ML Engineer
5.84	4	3	2	2	0	1	3	1	4	AI Engineer
6.43	3	4	1	4	1	4	3	2	4	ML Engineer
7.72	3	1	5	2	1	1	5	1	2	AI Engineer
7.32	3	5	4	5	1	5	1	2	3	ML Engineer
7.58	2	2	2	0	1	5	3	4	2	AI Engineer
6.83	1	3	4	1	0	3	2	2	4	Data Analyst
8.39	5	3	5	1	1	4	1	1	3	Data Analyst
8.3	1	5	2	5	0	1	2	2	5	Data Analyst
7.66	2	2	4	3	0	5	3	1	1	ML Engineer
8.61	4	2	4	1	0	2	5	4	1	AI Engineer
8.02	1	2	3	1	1	2	2	5	4	AI Engineer
6.83	4	2	4	2	0	4	5	1	4	ML Engineer
7.93	4	1	2	4	1	5	4	4	4	ML Engineer
6.74	4	1	5	1	0	3	5	2	2	ML Engineer
8.39	2	2	5	1	1	3	5	1	1	ML Engineer
7.56	1	3	5	5	1	3	4	4	2	ML Engineer
7.43	5	2	4	1	0	2	4	2	3	Data Analyst
6.99	2	2	1	2	1	3	1	3	3	Data Analyst
8.7	5	4	2	5	1	5	4	3	5	AI Engineer
7.46	1	2	3	2	1	2	1	3	5	AI Engineer
7.21	1	5	5	7	0	4	4	1	4	ML Engineer
7.28	4	4	3	2	1	4	4	2	1	ML Engineer
8.08	5	1	3	1	0	5	4	4	1	ML Engineer
7.93	5	2	1	1	0	4	4	5	3	ML Engineer
7.97	4	1	4	4	0	5	2	1	4	ML Engineer
7.99	2	2	2	2	1	4	2	3	4	ML Engineer
9.53	5	2	1	4	0	5	3	5	2	Data Analyst
7.23	4	1	5	8	1	4	3	2	1	ML Engineer
7.14	1	1	1	4	0	5	2	3	2	Data Analyst
6.87	1	3	1	2	1	5	3	5	4	Data Analyst
8.15	5	4	1	2	0	5	3	5	5	ML Engineer
8.62	2	2	3	2	1	3	2	4	5	Data Analyst
7.5	4	5	1	3	1	4	4	4	3	Data Analyst
6.84	1	2	5	3	0	5	2	4	1	AI Engineer
6.86	2	5	3	4	0	2	2	2	5	Data Analyst
8.19	2	2	2	2	1	1	3	5	1	ML Engineer
8.27	2	3	1	2	1	5	1	1	2	Data Analyst
8.09	4	4	3	4	1	4	4	1	5	Data Analyst
7	5	1	1	5	0	3	4	4	3	AI Engineer
7.81	5	5	5	4	1	4	5	5	1	AI Engineer
7.71	4	2	2	4	0	1	2	5	3	ML Engineer
7.8	2	3	3	3	0	3	3	4	1	Data Analyst
8.38	5	4	1	1	1	2	3	2	2	Data Analyst
7.8	3	4	1	4	1	2	4	2	5	Data Analyst
8.21	3	1	2	3	1	5	4	3	2	Data Analyst
7.66	4	5	1	1	1	3	5	2	5	Data Analyst
7.86	4	4	4	2	0	1	5	3	3	ML Engineer
8.17	5	5	5	2	1	2	1	1	4	Data Analyst
6.29	3	3	5	2	0	2	2	2	4	AI Engineer
7.31	4	4	2	2	0	5	4	5	3	ML Engineer
7.18	4	3	4	3	0	2	3	4	1	AI Engineer
7.03	2	5	3	3	1	2	3	1	5	Data Analyst
7.35	2	5	1	2	1	2	1	2	3	Data Analyst
8.95	4	5	1	1	0	1	3	2	4	Data Analyst
6.82	1	3	3	3	1	4	4	2	3	Data Analyst
8.47	2	4	3	8	1	3	1	4	4	ML Engineer
6.09	4	2	1	1	1	3	3	5	2	ML Engineer
7.3	5	3	5	5	1	2	5	4	5	ML Engineer
7.75	3	4	4	2	0	4	3	3	2	AI Engineer
8.13	2	1	3	4	1	1	5	1	4	Data Analyst
8.24	3	4	5	1	1	5	2	1	3	ML Engineer
8.31	4	1	5	1	1	3	1	5	3	ML Engineer
7.29	3	3	5	1	1	2	4	4	1	ML Engineer
7.18	1	3	2	5	1	3	2	3	2	AI Engineer
8.37	3	3	5	0	0	5	1	3	1	AI Engineer
7.43	3	3	3	5	1	1	1	5	3	AI Engineer
6.45	4	3	4	4	0	3	5	5	4	Data Analyst
6.58	5	3	5	1	0	3	4	1	3	AI Engineer
6.77	5	3	1	1	1	5	2	2	4	Data Analyst
8.05	4	3	3	2	1	3	3	1	2	ML Engineer
7.73	2	4	1	0	1	4	2	2	2	Data Analyst
8.22	3	3	2	2	1	4	1	4	3	Data Analyst
7.22	1	4	3	0	1	5	5	2	2	Data Analyst
7.74	5	5	5	3	1	2	5	1	5	Data Analyst
8.16	5	5	5	3	1	4	2	3	5	ML Engineer
7.32	5	1	2	4	0	2	2	3	3	AI Engineer
8.01	2	4	2	3	1	5	5	4	4	AI Engineer
7	2	2	3	5	0	5	3	1	1	AI Engineer
7.27	5	1	5	1	0	2	2	2	1	ML Engineer
7.26	3	4	5	3	0	3	2	4	2	ML Engineer
6.52	4	1	2	2	1	5	3	4	2	AI Engineer
8.04	3	5	1	0	1	1	3	5	2	Data Analyst
7.18	3	4	4	3	1	4	1	5	3	Data Analyst
7.61	4	5	2	5	1	5	3	5	4	AI Engineer
8.03	5	4	1	3	1	5	3	3	3	Data Analyst
8	2	5	1	1	0	1	2	5	3	Data Analyst
8.2	5	1	3	1	1	4	2	3	1	AI Engineer
7.51	2	5	2	3	1	4	3	5	2	ML Engineer
7.22	3	1	3	2	1	1	2	2	5	ML Engineer
7.53	5	2	2	1	0	4	5	3	5	ML Engineer
6.08	5	1	4	1	0	4	3	4	1	AI Engineer
6.3	5	3	4	2	1	5	3	2	1	ML Engineer
6.41	2	4	3	1	0	1	2	1	5	Data Analyst
6.7	5	2	1	3	0	5	5	5	1	Data Analyst
7.96	5	5	3	0	1	3	1	3	3	Data Analyst
6.79	5	4	4	2	0	2	3	5	5	Data Analyst
7.26	1	4	2	3	0	2	1	2	4	Data Analyst
8.77	4	5	2	3	1	4	4	5	3	ML Engineer
7.28	5	3	3	4	1	5	2	4	2	Data Analyst
8.26	4	2	2	4	1	2	2	4	4	AI Engineer
6.76	2	5	3	3	0	5	1	4	4	Data Analyst
7.42	4	3	2	3	0	4	4	2	5	Data Analyst
6.74	1	4	2	2	1	1	2	5	3	Data Analyst
7.29	3	2	4	2	1	3	2	5	5	ML Engineer
8.36	4	2	3	2	0	5	5	4	4	ML Engineer
6.05	3	1	3	4	1	1	1	5	1	AI Engineer
7.99	4	2	4	2	1	1	3	5	2	ML Engineer
7.81	2	1	2	4	1	1	1	4	4	Data Analyst
7.07	4	4	1	1	0	3	1	3	1	Data Analyst
6.3	4	1	5	3	0	1	1	5	4	AI Engineer
7.66	4	4	1	2	0	5	1	1	2	Data Analyst
7.12	2	5	3	4	0	1	5	3	2	ML Engineer
7.81	2	4	2	2	1	1	3	5	3	Data Analyst
7.62	2	3	2	1	1	2	5	5	5	Data Analyst
9.04	3	1	1	0	1	4	2	2	5	Data Analyst
7.38	3	5	5	4	1	5	4	1	3	ML Engineer
6.68	2	1	3	3	0	2	1	2	1	AI Engineer
7.76	3	4	2	2	0	3	1	5	5	AI Engineer
7.8	2	4	4	2	0	4	1	3	5	ML Engineer
8.82	2	1	1	7	0	4	5	1	4	Data Analyst
8.35	4	4	3	1	1	1	4	1	4	Data Analyst
7.92	5	1	3	1	1	5	4	2	3	Data Analyst
8.92	2	2	3	1	1	5	5	2	1	Data Analyst
6.53	5	5	1	2	1	4	2	1	1	Data Analyst
7.02	3	5	5	4	0	3	4	3	1	ML Engineer
6.77	1	2	2	2	0	2	3	3	5	Data Analyst
7.25	2	5	4	2	0	5	3	1	1	AI Engineer
6.36	1	5	4	3	0	5	4	2	3	Data Analyst
8.17	1	4	2	2	1	3	3	4	2	Data Analyst
7.4	2	1	1	0	1	4	1	5	1	AI Engineer
6.28	3	2	2	5	0	2	1	5	5	AI Engineer
6.69	4	4	5	2	0	4	3	3	1	ML Engineer
7.88	1	5	5	1	0	1	3	1	5	Data Analyst
8.35	5	5	5	3	1	5	4	5	4	AI Engineer
9.4	2	3	2	1	0	3	3	5	4	Data Analyst
10	1	2	4	3	0	3	1	2	1	Data Analyst
7.97	4	5	1	1	0	1	2	3	5	Data Analyst
6.71	4	2	4	1	1	3	3	1	3	ML Engineer
5.68	4	2	3	3	1	1	5	5	3	AI Engineer
7.84	1	5	4	2	1	5	3	4	4	ML Engineer
6.87	1	3	4	6	0	4	4	1	2	ML Engineer
7.23	2	2	5	3	0	3	4	4	2	AI Engineer
7.05	3	1	3	5	1	5	2	3	2	AI Engineer
7.47	5	3	2	1	0	5	5	3	3	AI Engineer
8.56	2	5	3	2	0	1	4	2	4	Data Analyst
7.74	1	3	1	3	1	1	5	5	2	Data Analyst
7.46	5	4	1	2	0	2	4	3	2	ML Engineer
6.67	1	2	3	0	0	1	4	5	5	Data Analyst
6.09	1	4	5	7	1	3	1	1	3	Data Analyst
7.16	3	4	3	1	1	3	3	3	5	Data Analyst
7.55	3	4	4	1	0	3	1	2	2	Data Analyst
9.19	4	4	1	3	0	1	4	5	2	ML Engineer
7.72	5	3	3	7	1	5	4	3	2	ML Engineer
8.48	5	2	4	0	0	5	3	4	3	Data Analyst
7.15	2	4	2	1	0	3	2	1	4	Data Analyst
6.53	5	5	1	1	1	1	1	4	3	AI Engineer
6.73	4	5	1	5	1	2	4	1	2	ML Engineer
6.95	1	2	5	2	1	4	4	2	5	AI Engineer
9.52	5	4	4	2	0	4	3	2	3	Data Analyst
6.86	1	1	2	4	0	2	4	1	2	ML Engineer
8.35	3	3	2	2	1	5	4	3	1	AI Engineer
6.79	4	3	1	1	1	5	3	2	3	Data Analyst
8.44	2	2	5	2	0	3	1	3	4	ML Engineer
7.95	2	5	1	2	1	2	5	4	5	Data Analyst
7.46	3	5	4	4	0	3	3	1	2	Data Analyst
7.56	5	1	2	0	1	1	4	4	1	AI Engineer
7.01	2	2	2	3	1	3	5	2	5	ML Engineer
8	4	2	2	3	1	1	2	2	3	ML Engineer
7.19	3	5	5	1	1	1	4	3	1	AI Engineer
6.5	1	3	1	5	1	3	1	4	1	AI Engineer
6.45	4	4	2	0	0	3	5	4	3	ML Engineer
7.76	5	5	2	2	0	5	1	1	4	Data Analyst
9.02	3	4	2	1	1	3	3	3	2	AI Engineer
7.74	1	1	1	0	0	5	2	2	2	Data Analyst
7.49	1	1	5	0	0	5	1	2	4	ML Engineer
7.86	3	2	2	4	0	2	3	5	5	AI Engineer
8.78	3	2	3	3	1	5	5	1	3	Data Analyst
7.8	3	4	2	1	0	3	1	3	3	Data Analyst
7.23	2	1	5	6	1	3	2	3	2	AI Engineer
8.6	3	2	2	2	0	1	1	2	1	ML Engineer
7.99	2	2	2	3	0	2	1	4	1	Data Analyst
8.98	4	1	2	1	1	3	2	3	5	ML Engineer
7.76	4	1	2	0	0	2	3	4	1	AI Engineer
6.5	4	1	1	3	0	3	4	2	5	Data Analyst
6.37	1	3	4	1	0	1	4	5	2	Data Analyst
9.09	5	3	1	4	1	2	4	4	4	Data Analyst
9.15	1	3	2	1	0	4	4	2	5	Data Analyst
7.44	5	3	2	7	0	4	2	5	4	AI Engineer
7.26	1	4	2	0	0	5	5	5	4	Data Analyst
8.92	3	5	4	1	0	5	1	3	2	Data Analyst
6.6	1	3	3	4	0	5	4	1	3	Data Analyst
6.79	1	4	5	2	1	1	1	3	4	ML Engineer
8.18	4	4	2	2	0	4	4	4	3	ML Engineer
7.24	4	4	5	3	0	2	1	2	1	ML Engineer
7.6	1	1	1	3	1	2	2	1	5	Data Analyst
7.45	5	5	3	2	1	2	2	3	1	ML Engineer
7.9	2	1	4	1	0	3	4	5	5	Data Analyst
8.87	2	3	3	1	0	1	1	2	5	Data Analyst
7.68	2	4	5	3	0	3	2	3	1	Data Analyst
8.18	3	3	2	4	1	1	2	1	4	ML Engineer
5.75	1	2	1	4	0	3	4	4	4	Data Analyst
7.56	3	5	4	3	0	4	5	5	2	Data Analyst
6.84	2	1	1	0	1	1	4	4	5	AI Engineer
6.5	1	2	4	1	0	1	3	3	1	ML Engineer
6.81	2	5	4	2	0	5	2	1	2	Data Analyst
7.3	4	4	5	0	0	4	5	3	5	ML Engineer
8.42	4	1	3	1	1	2	1	5	4	AI Engineer
6.41	2	4	5	2	1	5	1	1	1	ML Engineer
7.63	2	5	1	3	1	2	2	2	1	Data Analyst
7.16	4	1	3	6	1	5	2	5	2	AI Engineer
7.31	4	3	1	2	0	1	3	3	1	AI Engineer
8.5	5	3	4	1	1	4	5	1	1	Data Analyst
8.08	5	1	4	1	1	1	4	1	3	ML Engineer
8.8	5	2	5	2	1	1	2	3	1	Data Analyst
7.46	5	1	4	1	1	3	2	3	2	AI Engineer
6.97	3	1	2	3	0	1	4	5	2	AI Engineer
7.4	2	3	1	5	0	3	2	5	5	Data Analyst
7.82	2	3	5	0	1	2	5	3	5	AI Engineer
7.76	2	2	3	2	0	1	3	3	5	Data Analyst
6.62	4	2	1	2	1	5	3	5	2	Data Analyst
7.68	4	1	5	0	0	5	5	4	3	ML Engineer
7.81	5	4	5	0	0	5	2	2	3	AI Engineer
9.87	1	2	3	1	1	1	3	4	5	Data Analyst
9.29	3	5	4	5	1	2	3	4	4	ML Engineer
6.83	2	3	1	1	1	2	2	2	5	Data Analyst
7.34	5	5	1	1	0	2	1	5	3	Data Analyst
6.28	2	4	2	0	1	3	2	2	5	Data Analyst
7.07	1	2	4	5	1	3	1	3	4	ML Engineer
7.88	3	4	1	4	1	3	4	3	4	Data Analyst
8.69	5	2	1	0	1	2	1	4	4	ML Engineer
6.94	5	1	4	2	1	5	2	5	2	AI Engineer
7.01	1	2	4	3	0	5	5	2	4	Data Analyst
5.67	2	2	4	2	1	2	3	2	2	ML Engineer
7.45	1	1	4	1	1	2	4	4	4	AI Engineer
6.64	2	1	5	5	1	3	4	5	2	ML Engineer
7.12	3	5	4	1	0	2	2	5	4	Data Analyst
6.81	2	3	3	2	1	5	4	4	3	Data Analyst
7.52	1	3	5	4	1	3	2	4	4	Data Analyst
6.02	3	5	2	3	1	1	4	4	2	ML Engineer
6.28	1	2	1	3	1	1	4	5	4	AI Engineer
9.52	2	3	4	2	0	1	5	1	5	ML Engineer
6.44	1	5	2	2	0	2	5	3	1	Data Analyst
6.61	1	4	5	1	1	2	1	1	2	ML Engineer
9.25	3	2	3	6	0	5	2	3	4	ML Engineer
10	5	2	5	2	1	5	3	2	5	Data Analyst
6.55	4	1	1	3	1	1	2	2	4	Data Analyst
7.27	1	1	4	2	1	5	4	5	3	Data Analyst
7.91	1	1	3	2	0	3	5	4	2	AI Engineer
9.16	2	4	3	1	1	2	2	3	5	Data Analyst
6.71	4	4	2	1	1	3	5	5	5	Data Analyst
7.38	4	3	5	6	0	3	5	1	5	ML Engineer
8.3	5	4	2	1	1	1	5	4	2	Data Analyst
7.99	2	1	5	2	1	5	1	1	3	Data Analyst
7.26	1	2	3	0	1	1	2	2	2	ML Engineer
7.48	1	2	1	1	0	1	1	1	5	Data Analyst
6.36	1	5	5	2	0	2	1	3	5	Data Analyst
7.39	1	4	1	4	1	1	1	4	1	ML Engineer
7.36	5	5	2	1	0	1	3	4	2	Data Analyst
7.81	2	2	5	1	0	2	1	3	3	Data Analyst
7.1	5	5	5	5	1	2	2	5	3	ML Engineer
8.02	3	1	5	0	0	1	5	2	3	ML Engineer
8.51	3	2	3	2	1	5	5	1	2	ML Engineer
7.74	3	3	4	0	1	5	5	1	4	Data Analyst
7.92	5	1	2	2	1	4	1	1	5	Data Analyst
7.65	1	5	4	0	1	3	4	3	5	Data Analyst
7.6	1	5	3	3	1	5	4	3	3	Data Analyst
6.95	3	3	1	4	0	2	1	5	5	Data Analyst
7.88	2	2	3	0	0	3	5	1	4	ML Engineer
7.51	3	1	3	0	1	1	3	2	1	Data Analyst
9.48	4	4	2	4	0	4	5	5	4	Data Analyst
9.02	3	3	2	3	0	1	1	1	2	ML Engineer
7.95	2	4	3	4	0	4	4	3	4	Data Analyst
6.91	2	4	1	3	1	4	1	1	4	Data Analyst
6.6	4	1	1	3	0	2	5	3	5	ML Engineer
8.67	2	1	4	7	1	4	4	5	5	AI Engineer
7.84	3	4	2	4	0	2	1	2	5	Data Analyst
8.03	3	1	4	2	1	2	2	2	3	ML Engineer
6.03	4	5	3	2	0	3	2	3	3	AI Engineer
8.43	4	1	3	5	0	2	1	4	3	ML Engineer
8.01	3	4	3	1	1	4	1	5	5	Data Analyst
6.6	2	5	3	5	1	2	5	1	2	Data Analyst
7.18	2	3	5	7	0	3	5	3	3	ML Engineer
7.84	3	1	5	2	1	5	3	4	4	AI Engineer
7.65	2	5	2	2	1	2	5	1	1	Data Analyst
7.34	4	1	4	3	0	3	4	5	4	ML Engineer
7.51	2	3	5	2	1	5	1	2	2	ML Engineer
7.37	4	5	1	0	0	2	4	3	2	Data Analyst
7.74	4	4	4	0	1	1	1	5	4	AI Engineer
8.92	5	1	3	1	0	2	5	4	1	ML Engineer
5.29	1	5	5	3	1	5	2	5	1	ML Engineer
7.39	4	1	3	1	0	4	1	4	3	Data Analyst
7.76	1	4	5	4	1	5	2	2	3	Data Analyst
7.87	2	4	1	3	1	2	4	4	1	Data Analyst
7.27	1	2	1	4	1	5	5	4	2	ML Engineer
6.02	1	3	5	4	1	2	3	2	2	AI Engineer
7.9	1	1	3	4	1	4	1	1	3	Data Analyst
9.15	1	5	3	6	0	5	5	4	2	Data Analyst
6.22	5	2	1	1	0	2	4	3	1	ML Engineer
8.38	1	2	2	2	0	5	3	4	3	Data Analyst
7.3	2	3	5	3	1	4	3	1	5	Data Analyst
7.54	4	4	2	6	1	4	5	3	3	Data Analyst
6.65	5	3	3	4	1	4	2	5	2	Data Analyst
7.3	5	3	2	1	1	1	1	5	3	AI Engineer
8.77	1	3	2	0	1	4	1	5	1	AI Engineer
8.12	5	5	1	6	0	2	4	2	2	Data Analyst
9.16	4	2	5	3	0	2	5	1	3	ML Engineer
8.66	1	5	5	1	1	1	4	3	3	AI Engineer
8	3	4	1	1	0	1	4	3	3	Data Analyst
9.17	5	5	2	4	0	5	2	2	5	Data Analyst
8	2	5	3	2	1	2	3	1	4	AI Engineer
8.35	1	4	2	3	1	2	1	1	1	Data Analyst
7.33	5	2	4	6	1	3	2	2	3	ML Engineer
7.66	5	4	2	1	0	4	4	4	3	ML Engineer
6.97	5	4	1	4	1	3	5	1	1	ML Engineer
8.49	5	2	2	3	0	3	5	1	2	ML Engineer
6.54	5	4	3	1	1	5	5	2	5	ML Engineer
8.3	3	2	1	2	0	3	1	5	2	AI Engineer
7.43	1	3	5	3	1	4	5	5	3	AI Engineer
8.65	4	4	1	2	1	5	2	3	2	Data Analyst
8.28	2	1	1	1	1	4	4	1	1	AI Engineer
9.24	3	2	3	1	0	1	5	1	2	Data Analyst
8.26	4	4	3	1	1	2	5	5	4	Data Analyst
6.19	5	3	2	1	0	4	4	3	5	ML Engineer
7.54	2	5	2	4	1	3	2	1	4	Data Analyst
6.55	2	1	1	2	0	2	3	5	5	Data Analyst
7.13	4	4	4	2	0	2	4	3	4	Data Analyst
8.96	1	5	2	2	1	1	3	2	4	Data Analyst
8.17	3	5	1	4	1	2	3	3	3	Data Analyst
6.97	4	1	2	0	1	4	3	2	1	AI Engineer
6.69	3	5	5	2	0	1	3	5	3	Data Analyst
7.63	2	2	2	2	1	5	1	4	5	Data Analyst
6.51	5	2	5	3	0	2	5	1	3	ML Engineer
7	2	2	2	0	0	5	1	4	4	AI Engineer
7.88	4	4	1	1	1	2	5	1	1	AI Engineer
8.64	3	4	2	3	0	5	1	3	2	Data Analyst
8.15	1	3	2	0	1	3	3	4	2	AI Engineer
5.54	3	1	1	0	0	5	3	1	2	Data Analyst
7.87	1	5	3	3	0	1	3	4	5	Data Analyst
7.66	5	2	2	1	1	4	3	2	3	AI Engineer
7.97	4	1	4	1	0	2	5	4	4	AI Engineer
9.05	2	3	3	8	1	2	1	3	4	Data Analyst
5.74	3	3	3	6	1	1	5	1	3	ML Engineer
7.07	4	4	3	4	0	5	4	4	5	Data Analyst
8.13	2	5	1	6	1	4	4	2	2	Data Analyst
6.18	2	1	4	4	0	5	1	5	1	AI Engineer
8.93	3	2	1	1	0	3	1	5	4	Data Analyst
7.93	2	3	4	2	0	1	2	1	4	Data Analyst
8.36	4	4	5	3	1	2	2	4	2	AI Engineer
7.09	1	4	4	1	1	3	4	2	5	Data Analyst
8.33	5	2	3	3	1	1	5	4	1	ML Engineer
8.56	2	4	2	2	1	5	3	3	2	Data Analyst
7.81	3	5	5	3	0	5	4	2	1	Data Analyst
7.81	1	3	2	1	1	3	1	4	1	Data Analyst
7.84	2	5	3	0	1	3	4	2	4	Data Analyst
6.82	4	4	4	4	1	4	1	5	4	ML Engineer
7.47	2	2	5	7	1	4	4	5	4	AI Engineer
7.46	1	2	5	2	1	1	2	1	5	Data Analyst
7.95	3	4	1	6	0	3	3	4	1	Data Analyst
8.5	1	2	5	2	1	4	2	5	4	ML Engineer
6.65	2	2	1	1	1	5	3	1	1	ML Engineer
7.49	3	2	3	2	1	3	5	4	5	Data Analyst
8.93	3	4	5	3	0	5	5	5	4	Data Analyst
6.93	4	2	4	0	1	3	2	2	4	Data Analyst
6.86	4	4	5	1	0	2	2	3	3	AI Engineer
7.78	5	5	2	1	1	3	3	4	2	AI Engineer
8.36	1	5	2	2	1	4	4	2	4	Data Analyst
7.61	2	5	2	3	0	5	1	2	5	Data Analyst
8.8	1	1	2	1	1	2	4	2	1	ML Engineer
8.37	1	3	4	2	0	2	5	2	5	ML Engineer
8.36	2	2	3	4	1	4	5	4	4	Data Analyst
8.1	3	5	4	1	1	4	3	2	1	ML Engineer
9.69	5	4	3	3	0	2	2	2	5	Data Analyst
7.42	4	2	2	4	1	4	2	5	1	AI Engineer
5.8	4	3	1	2	0	1	4	3	4	Data Analyst
9.04	4	4	3	1	1	2	3	5	1	ML Engineer
7.19	1	3	5	4	1	5	1	4	1	AI Engineer
7.7	5	3	5	5	0	3	4	5	4	ML Engineer
8.78	5	1	2	2	1	5	1	1	4	Data Analyst
6.16	1	3	3	3	1	2	5	5	4	AI Engineer
6.47	3	2	4	3	1	2	3	5	2	AI Engineer
6.16	5	5	4	1	1	5	2	1	5	Data Analyst
6.89	3	5	1	3	1	5	1	2	1	Data Analyst
8	5	4	3	3	1	5	1	3	5	Data Analyst
8.07	5	1	1	1	0	2	5	3	2	AI Engineer
7.85	3	5	1	1	0	5	3	4	4	Data Analyst
6.33	1	2	4	2	1	3	5	4	5	AI Engineer
5.52	2	3	1	1	0	5	5	2	2	AI Engineer
7.65	2	5	2	6	1	5	1	4	3	Data Analyst
7.18	3	5	3	4	0	3	2	5	5	Data Analyst
8.01	3	1	4	5	1	2	5	3	5	ML Engineer
8.23	3	2	3	1	1	5	3	5	2	ML Engineer
7.72	1	4	1	1	0	3	3	4	3	Data Analyst
8.28	2	3	4	4	0	3	3	5	2	AI Engineer
7.81	4	2	5	5	1	4	4	5	3	ML Engineer
8.08	1	3	5	3	1	5	5	1	2	ML Engineer
6.97	2	5	4	3	1	1	5	5	1	ML Engineer
7.44	5	2	3	2	1	5	4	1	5	Data Analyst
7.78	1	4	5	3	1	3	3	5	4	Data Analyst
8.34	3	4	3	3	0	1	2	5	3	AI Engineer
7.25	2	5	1	2	1	2	1	2	1	Data Analyst
8.07	1	2	5	2	0	3	4	1	1	ML Engineer
7.36	3	2	2	2	0	4	1	3	3	ML Engineer
7.49	3	3	5	0	1	3	4	2	4	ML Engineer
8.35	1	3	2	1	1	1	3	3	2	ML Engineer
5.81	1	3	5	3	1	3	4	1	4	ML Engineer
6.43	1	4	3	1	1	2	5	1	2	AI Engineer
6.27	4	4	3	4	1	2	3	3	1	Data Analyst
5.5	5	2	2	0	0	4	3	4	3	Data Analyst
6.99	1	4	5	3	1	5	3	2	1	ML Engineer
8.27	2	2	1	2	1	1	2	2	1	ML Engineer
7.34	2	3	3	2	1	4	1	1	1	Data Analyst
7.78	2	1	2	1	1	3	1	2	2	Data Analyst
8.58	2	2	3	1	1	2	4	2	3	ML Engineer
8.79	1	5	2	2	1	4	5	2	5	Data Analyst
7.54	3	3	4	2	1	2	1	2	2	ML Engineer
8.82	2	4	2	1	1	4	2	2	1	Data Analyst
7.68	2	1	1	1	1	3	4	4	1	AI Engineer
6.85	2	4	1	1	0	1	4	2	2	Data Analyst
7.07	5	2	4	2	1	4	4	4	2	ML Engineer
6.27	4	4	2	1	0	5	4	4	2	ML Engineer
6.8	3	5	2	5	1	3	1	4	5	Data Analyst
7.28	2	3	4	0	1	4	2	3	2	ML Engineer
8.32	5	1	2	1	1	1	3	5	4	AI Engineer
9.15	5	3	2	0	0	2	1	2	4	Data Analyst
6.36	1	1	2	1	1	2	2	5	1	ML Engineer
7.95	5	3	2	1	1	4	2	2	2	ML Engineer
6.66	4	1	4	3	0	2	5	1	3	ML Engineer
8.03	1	4	3	2	1	4	2	5	3	Data Analyst
7.48	4	2	5	1	0	2	5	5	1	ML Engineer
5.95	1	2	4	2	1	4	4	1	4	AI Engineer
8.44	1	1	1	1	0	2	4	3	2	Data Analyst
7.06	1	5	2	2	1	3	5	3	2	Data Analyst
7.12	3	5	2	1	1	1	5	2	4	Data Analyst
6.64	4	5	3	2	1	4	2	3	5	Data Analyst
7.01	3	1	2	6	0	1	3	4	5	AI Engineer
7.99	1	2	5	4	1	5	3	3	5	Data Analyst
7.43	1	5	2	1	1	5	5	3	3	AI Engineer
7.9	5	3	3	4	0	3	1	5	1	AI Engineer
7.93	5	1	1	3	0	5	3	2	2	ML Engineer
8.79	4	1	5	1	0	5	2	4	2	ML Engineer
7.29	1	2	5	2	1	1	2	2	2	AI Engineer
6.27	5	5	4	6	0	4	4	5	2	AI Engineer
8.56	4	1	2	5	1	2	2	2	1	ML Engineer
7.3	3	5	1	1	1	5	4	5	1	Data Analyst
8.6	1	4	4	4	1	5	5	4	4	Data Analyst
7.95	5	5	3	3	1	5	4	2	3	Data Analyst
7.48	3	5	5	0	1	3	1	4	1	AI Engineer
7.91	1	2	4	3	0	1	1	2	3	AI Engineer
9.36	2	5	3	2	1	1	3	2	5	Data Analyst
9.47	3	1	5	4	0	1	3	2	3	AI Engineer
7.66	1	2	5	1	0	5	4	4	2	Data Analyst
7.74	2	2	3	1	1	3	3	2	2	AI Engineer
8.57	3	1	1	3	0	2	1	3	2	Data Analyst
6.84	5	1	1	3	0	3	5	3	2	ML Engineer
7.9	1	1	3	4	1	1	5	1	5	ML Engineer
7.58	3	1	3	2	0	3	4	2	5	AI Engineer
7.88	5	2	1	5	0	3	4	2	2	Data Analyst
6.85	5	1	1	3	1	4	5	2	5	Data Analyst
6.17	5	1	4	6	1	1	3	5	5	ML Engineer
5.73	1	5	4	2	1	5	1	2	1	Data Analyst
6.59	5	1	1	5	0	1	4	3	3	ML Engineer
7.19	5	1	3	2	1	3	3	4	4	AI Engineer
7.34	2	1	1	5	1	2	4	4	3	ML Engineer
9.34	3	1	4	0	0	4	4	4	3	ML Engineer
8.6	3	3	5	2	0	4	3	3	3	ML Engineer
6.73	3	5	5	0	0	1	2	5	4	Data Analyst
7.91	2	4	3	3	1	3	3	5	2	Data Analyst
7.23	5	3	4	3	0	3	4	2	3	ML Engineer
7.34	5	1	5	0	1	3	4	1	2	ML Engineer
7.77	2	4	4	1	1	1	3	2	5	AI Engineer
8.16	5	1	3	2	0	1	3	5	1	AI Engineer
7.29	2	4	4	3	1	3	5	5	1	Data Analyst
8.56	4	3	3	1	0	2	2	4	1	AI Engineer
6.57	3	5	5	4	0	3	1	4	2	ML Engineer
7.61	3	2	3	4	1	1	4	2	4	ML Engineer
9.94	1	4	5	4	1	4	5	3	5	AI Engineer
7.8	4	3	1	4	1	1	4	1	3	ML Engineer
8.89	2	3	1	1	1	4	3	3	1	Data Analyst
7.68	2	5	1	1	0	5	2	1	2	Data Analyst
8.12	1	4	3	4	1	2	3	1	1	ML Engineer
7.55	5	3	4	2	0	1	1	5	3	Data Analyst
7.45	1	3	2	1	1	1	3	5	4	Data Analyst
6.9	4	4	1	2	1	2	2	4	1	Data Analyst
7.99	5	2	5	3	0	1	2	4	4	Data Analyst
6.83	1	1	4	2	1	5	3	2	2	Data Analyst
8.2	3	3	4	2	1	5	5	3	4	AI Engineer
8.58	3	1	3	2	1	5	2	4	5	ML Engineer
7.93	2	1	3	0	0	5	5	3	4	AI Engineer
7.34	4	3	1	3	0	3	3	2	4	Data Analyst
8.01	3	4	1	1	0	2	5	2	4	Data Analyst
7.32	3	4	5	3	0	3	2	5	1	ML Engineer
8.44	3	2	2	3	1	2	5	2	1	ML Engineer
5.95	5	3	4	2	0	5	4	5	2	ML Engineer
7.3	4	1	4	1	0	3	4	4	4	Data Analyst
5.81	2	4	2	6	1	2	3	5	4	AI Engineer
6.25	5	2	2	3	0	4	3	3	4	ML Engineer
8.83	5	4	4	2	1	2	3	2	2	Data Analyst
8.41	5	5	1	1	1	2	5	1	5	Data Analyst
6.95	4	4	3	2	0	2	4	3	3	Data Analyst
6.25	2	2	5	0	1	1	1	2	2	Data Analyst
5	4	5	4	5	0	1	4	1	4	Data Analyst
7.11	2	4	4	5	1	3	5	5	1	ML Engineer
9.78	2	4	1	5	1	5	4	5	3	ML Engineer
7.99	3	5	1	0	1	2	3	2	4	Data Analyst
7.1	5	5	2	3	1	4	2	4	4	AI Engineer
8.02	3	1	2	0	1	2	4	3	2	ML Engineer
6.2	2	5	1	2	1	2	4	3	1	Data Analyst
7.33	3	4	5	3	0	1	2	4	1	AI Engineer
7.69	2	2	1	2	0	3	3	3	1	AI Engineer
7.52	4	2	4	0	1	4	2	5	5	AI Engineer
8.31	2	4	3	0	1	2	1	1	4	ML Engineer
7.91	3	2	4	4	1	3	1	4	3	ML Engineer
8.2	2	3	2	5	1	3	1	5	3	Data Analyst
6.98	2	4	2	0	0	2	3	5	2	AI Engineer
8.41	5	4	4	1	0	4	3	1	1	ML Engineer
9.07	2	5	2	5	1	3	3	1	1	Data Analyst
6.73	1	1	4	1	0	1	5	4	4	ML Engineer
6.8	2	2	1	6	1	3	2	5	1	AI Engineer
8.8	3	5	1	1	1	2	2	5	1	Data Analyst
7.43	1	3	4	2	1	4	2	5	4	AI Engineer
8.86	2	2	4	3	1	2	2	1	3	AI Engineer
7.2	1	2	1	1	1	5	3	3	3	AI Engineer
8.91	3	2	5	2	1	4	2	4	2	AI Engineer
7.72	4	3	1	0	0	1	2	4	1	Data Analyst
7.83	5	2	5	0	1	3	4	4	3	ML Engineer
9.01	2	4	4	2	1	5	5	2	2	Data Analyst
7.27	5	3	5	1	0	2	2	3	3	ML Engineer
6.75	2	4	5	5	1	4	1	3	1	ML Engineer
7.2	4	1	2	2	1	4	2	5	2	AI Engineer
8.01	3	4	4	1	0	4	3	2	1	ML Engineer
6.19	4	5	2	5	1	1	5	2	3	ML Engineer
8.17	4	1	3	4	1	2	1	1	2	Data Analyst
7.12	3	2	2	1	1	2	1	1	2	AI Engineer
8.63	2	4	3	2	0	2	3	5	3	Data Analyst
5.45	3	4	5	1	1	5	5	5	3	AI Engineer
6.89	5	4	3	2	1	1	3	2	2	Data Analyst
6.08	5	3	1	2	1	3	5	4	4	AI Engineer
6.86	5	4	2	1	0	5	4	3	2	Data Analyst
7.82	1	4	4	2	0	5	1	5	2	ML Engineer
7.44	3	1	3	4	1	4	3	2	3	ML Engineer
7.37	1	4	3	3	1	5	4	5	1	ML Engineer
7.46	4	3	3	3	0	3	3	2	3	Data Analyst
7.78	5	1	2	2	0	4	1	4	3	Data Analyst
6.69	1	3	3	3	1	3	1	2	1	Data Analyst
8.24	4	3	4	2	1	1	4	4	3	ML Engineer
8.2	5	1	5	3	1	1	3	2	1	ML Engineer
7.95	5	5	4	1	1	5	3	5	4	Data Analyst
8.1	2	2	5	2	1	1	2	4	1	ML Engineer
7.87	1	2	5	2	1	2	2	2	1	ML Engineer
9.43	5	3	1	0	0	4	4	5	2	Data Analyst
7.52	5	5	2	2	1	3	1	4	4	Data Analyst
7.32	3	4	2	3	0	3	3	3	4	Data Analyst
6.92	5	4	1	1	1	5	2	1	3	Data Analyst
6.67	1	2	1	1	0	4	4	5	1	Data Analyst
6.48	4	5	4	4	1	5	4	4	2	AI Engineer
6.8	1	5	2	3	1	4	3	4	4	Data Analyst
7.54	5	3	1	1	0	5	2	5	1	AI Engineer
7.9	4	3	2	3	1	4	2	4	4	ML Engineer
7.65	5	1	2	3	0	3	2	2	2	ML Engineer
6.91	3	4	1	0	1	5	2	2	1	Data Analyst
8.41	1	5	1	5	1	5	4	1	4	Data Analyst
8.27	1	3	4	2	0	1	1	1	1	ML Engineer
7.46	2	3	5	3	1	5	1	4	2	Data Analyst
7.01	4	3	3	2	1	4	3	5	1	ML Engineer
8.09	1	1	4	3	0	5	2	1	3	ML Engineer
7.77	5	4	5	3	1	4	5	3	1	ML Engineer
6.3	2	4	5	3	1	5	4	1	1	Data Analyst
7.54	3	5	1	5	1	2	4	3	3	Data Analyst
7.84	2	5	5	3	0	1	3	4	5	Data Analyst
6.79	3	3	1	2	1	1	3	5	1	AI Engineer
7.77	3	5	1	3	0	2	3	5	3	Data Analyst
6.29	1	3	3	3	1	2	1	2	5	Data Analyst
8.8	3	4	4	1	1	3	3	5	2	Data Analyst
8.72	4	4	1	3	1	1	5	4	3	Data Analyst
7.37	5	5	2	2	0	1	2	2	5	Data Analyst
7.93	2	4	2	3	0	3	1	2	4	ML Engineer
5.43	5	1	2	2	1	4	3	1	2	ML Engineer
6.56	5	1	5	2	0	1	2	5	4	ML Engineer
7.34	5	3	2	2	1	3	4	2	4	Data Analyst
6.64	2	3	2	5	1	4	5	2	3	Data Analyst
8.24	5	4	1	3	1	4	5	3	3	Data Analyst
9.4	3	3	1	3	0	1	2	1	5	Data Analyst
6.54	1	3	1	1	0	4	5	5	5	Data Analyst
6.85	2	5	3	2	1	1	1	4	5	Data Analyst
7.81	4	2	3	0	1	2	2	1	4	ML Engineer
9.05	1	3	3	0	0	2	2	1	2	ML Engineer
6.5	3	3	5	3	0	5	5	1	1	AI Engineer
7.82	4	3	3	3	0	1	4	5	1	AI Engineer
9.24	1	5	1	0	1	4	2	3	5	ML Engineer
6.11	3	5	2	1	0	5	1	4	2	Data Analyst
6.45	2	3	2	4	0	5	4	1	1	ML Engineer
7.22	3	3	5	0	1	2	4	2	2	Data Analyst
7.13	2	3	2	3	0	1	5	3	1	AI Engineer
8.33	5	1	1	3	0	2	3	2	3	ML Engineer
7.82	1	3	4	0	1	4	1	4	3	Data Analyst
6	5	2	3	4	1	1	2	5	2	ML Engineer
8.06	4	1	1	2	0	4	4	2	4	AI Engineer
7.08	5	1	4	1	1	2	2	4	3	AI Engineer
8.75	5	3	2	1	0	4	1	5	5	ML Engineer
7.04	1	1	5	8	0	4	5	5	4	AI Engineer
7.03	5	4	5	3	1	3	3	1	1	ML Engineer
8.09	3	3	2	1	1	4	2	1	2	Data Analyst
8.29	5	2	3	2	1	5	3	5	4	ML Engineer
8	5	4	3	2	1	2	4	5	3	ML Engineer
6.08	3	3	4	6	0	3	1	2	4	Data Analyst
8.08	2	4	1	3	1	4	3	3	2	Data Analyst
6.67	1	4	2	3	1	5	2	3	1	Data Analyst
7.81	1	1	1	1	0	3	1	4	4	Data Analyst
6.32	2	2	4	2	1	2	1	4	4	AI Engineer
8	5	3	1	3	0	5	3	2	4	Data Analyst
6.87	3	5	3	3	1	5	3	5	3	Data Analyst
6.45	3	1	4	1	1	3	3	1	1	AI Engineer
8.24	2	1	5	2	0	1	4	1	4	ML Engineer
7.82	3	5	2	1	1	2	3	5	4	Data Analyst
7.05	4	5	1	2	0	3	3	1	4	ML Engineer
8.91	5	1	4	1	1	4	5	5	1	AI Engineer
7.2	4	3	1	0	0	4	4	2	4	Data Analyst
7.63	4	4	1	1	0	5	5	2	4	Data Analyst
7.84	5	1	5	3	0	1	2	1	5	ML Engineer
7.04	3	2	5	4	1	3	4	5	3	AI Engineer
8.02	5	2	4	1	0	4	4	2	4	ML Engineer
7.12	2	4	5	3	1	5	3	1	3	ML Engineer
7.23	1	2	1	3	0	1	1	3	4	AI Engineer
8.83	3	3	1	1	1	5	3	1	4	Data Analyst
6.66	1	2	2	4	0	1	5	4	4	AI Engineer
5.43	1	4	1	1	0	1	4	1	5	Data Analyst
9.05	5	1	5	0	1	5	1	3	1	ML Engineer
9.89	4	2	1	2	1	4	2	2	4	Data Analyst
7.24	2	2	3	1	1	5	3	1	4	Data Analyst
5.86	5	5	5	0	1	4	5	1	3	ML Engineer
7.32	1	5	4	2	1	4	3	3	3	ML Engineer
7.34	2	3	2	4	1	3	5	2	4	ML Engineer
7.43	4	1	3	4	1	3	4	1	3	Data Analyst
6.6	2	4	3	4	1	3	2	1	3	Data Analyst
8.12	4	3	4	5	1	2	1	5	5	AI Engineer
8.07	5	5	3	1	1	5	5	4	4	Data Analyst
6.26	1	2	2	1	1	2	3	4	2	ML Engineer
8.23	1	5	4	1	1	4	5	5	5	ML Engineer
9.45	5	5	5	2	1	4	5	1	2	ML Engineer
7.75	3	2	3	3	1	3	3	4	1	AI Engineer
7.3	3	4	1	3	1	4	1	4	5	Data Analyst
7.47	3	2	3	2	1	1	5	2	2	AI Engineer
8.15	3	2	5	1	1	2	3	3	2	ML Engineer
6.04	4	2	5	2	1	3	1	4	2	AI Engineer
7.75	3	4	3	2	1	2	3	4	3	AI Engineer
7.25	1	2	1	2	1	5	1	2	1	Data Analyst
9.26	4	4	3	3	0	5	2	4	1	ML Engineer
7.44	4	3	5	2	1	4	2	4	2	ML Engineer
9.1	1	4	5	2	0	2	3	1	2	ML Engineer
6.61	2	5	1	0	0	1	3	3	1	Data Analyst
8.13	4	1	2	0	1	4	5	3	5	AI Engineer
7.89	4	5	3	3	1	5	2	2	3	Data Analyst
6.82	1	1	1	2	1	3	4	1	1	AI Engineer
7.76	1	3	5	5	0	5	5	1	1	ML Engineer
8.69	3	2	1	5	1	5	4	4	5	Data Analyst
7.31	3	4	4	3	1	3	2	5	2	ML Engineer
6.08	5	4	5	3	1	2	4	3	1	AI Engineer
7.58	3	5	4	1	1	1	2	5	4	AI Engineer
6.79	5	3	4	0	0	4	3	5	5	Data Analyst
7.29	2	5	2	1	0	3	4	4	2	Data Analyst
7.53	3	2	5	2	0	1	2	3	4	Data Analyst
6.06	1	2	3	7	0	1	1	5	3	ML Engineer
6.15	3	2	1	2	0	5	5	4	1	ML Engineer
8.03	1	3	2	3	0	2	4	5	4	AI Engineer
7.13	3	4	2	2	0	2	1	5	5	Data Analyst
5.29	2	5	3	2	0	4	2	1	5	Data Analyst
8.31	1	2	2	0	0	2	2	4	1	ML Engineer
7.85	1	2	3	4	1	5	5	4	3	Data Analyst
6.96	3	5	3	4	0	4	5	5	4	AI Engineer
6.41	5	3	2	2	1	2	4	2	1	ML Engineer
8.35	1	2	4	2	0	2	3	5	5	ML Engineer
7.91	3	5	2	3	0	5	1	3	1	Data Analyst
9.74	2	3	4	3	0	3	2	2	2	Data Analyst
7.98	5	5	2	4	1	5	1	1	5	Data Analyst
7.95	3	5	5	4	0	2	4	2	3	ML Engineer
7.45	5	5	2	0	1	1	1	5	4	AI Engineer
8.34	2	3	1	1	0	5	4	4	3	Data Analyst
8.16	1	4	1	3	1	2	5	4	4	Data Analyst
8.73	3	5	5	2	0	5	2	5	1	ML Engineer
7.13	4	2	5	2	0	4	4	2	4	ML Engineer
7.21	5	1	2	3	1	2	5	4	1	AI Engineer
7.17	5	2	4	2	0	4	3	2	1	ML Engineer
8.31	5	4	3	1	0	1	3	5	3	ML Engineer
8.95	4	3	1	3	1	2	2	3	3	Data Analyst
7.19	2	1	3	2	0	2	3	5	1	ML Engineer
7.22	3	3	4	1	0	4	5	4	4	ML Engineer
7.88	1	1	5	3	1	3	4	4	2	AI Engineer
7.38	3	3	5	4	0	4	2	5	5	Data Analyst
8.46	2	3	1	3	1	3	3	4	1	AI Engineer
5.57	1	4	2	5	1	4	4	2	2	Data Analyst
6.86	2	3	3	3	1	1	1	3	2	AI Engineer
6.9	3	3	1	2	0	4	4	3	3	Data Analyst
5.51	2	4	3	2	1	1	2	1	3	Data Analyst
6.73	5	4	1	4	1	1	2	3	1	ML Engineer
6.78	3	5	1	3	0	4	3	3	3	Data Analyst
7.42	5	2	1	2	1	1	3	2	5	ML Engineer
8.6	4	3	2	1	1	4	5	1	1	Data Analyst
7.38	1	2	4	3	1	1	2	3	2	AI Engineer
6.67	2	3	1	5	0	1	2	3	3	Data Analyst
7.55	4	1	5	1	0	5	2	1	4	Data Analyst
8.54	3	3	2	3	1	1	5	4	1	ML Engineer
6.72	2	1	1	3	1	5	5	1	2	ML Engineer
6.78	3	3	2	3	0	2	3	1	2	ML Engineer
8.1	5	5	4	1	0	4	4	3	4	Data Analyst
7.4	2	5	1	3	1	5	5	2	1	ML Engineer
8.18	1	3	1	0	0	1	5	5	4	Data Analyst
7.59	2	1	5	6	0	2	4	1	3	AI Engineer
8.23	5	2	3	3	1	3	3	2	2	Data Analyst
6.67	4	1	2	2	0	5	5	4	5	Data Analyst
7.59	5	4	4	2	0	1	2	2	5	Data Analyst
7.41	5	5	5	2	0	1	2	5	5	AI Engineer
6.51	1	3	2	2	1	2	4	4	5	Data Analyst
6.19	2	1	3	0	0	2	1	5	2	AI Engineer
8.22	1	1	1	2	1	2	3	5	5	ML Engineer
7.28	1	5	2	2	1	1	5	1	1	Data Analyst
6.68	5	2	3	3	1	5	1	3	2	Data Analyst
7.51	5	1	1	2	1	4	5	4	3	AI Engineer
8.62	1	1	5	3	1	1	3	1	4	ML Engineer
5.55	4	2	5	1	0	3	5	3	3	ML Engineer
6.25	3	4	2	2	1	4	4	4	3	Data Analyst
6.77	1	5	2	2	1	4	1	4	2	ML Engineer
8.92	5	2	1	4	1	5	4	3	3	ML Engineer
7.85	5	4	3	1	1	4	1	5	3	Data Analyst
8.29	3	1	1	2	0	4	2	4	3	Data Analyst
6.57	4	1	2	3	1	1	5	1	3	AI Engineer
6.59	2	1	3	4	0	1	5	2	4	AI Engineer
8	4	5	4	2	1	4	1	5	2	Data Analyst
7.65	3	3	3	2	0	5	2	1	1	Data Analyst
8.09	5	5	2	3	1	2	1	1	2	ML Engineer
7.43	1	1	4	6	1	4	2	2	3	Data Analyst
7.85	1	1	4	2	1	2	5	5	1	ML Engineer
7.74	5	5	4	0	0	3	1	4	1	AI Engineer
8.3	2	1	3	1	1	4	4	1	5	ML Engineer
8.33	2	1	5	2	0	4	5	2	2	Data Analyst
6.14	4	3	2	4	0	1	5	5	4	ML Engineer
5.58	1	4	5	1	1	5	2	2	1	AI Engineer
8.5	3	2	2	3	1	5	4	3	5	ML Engineer
8.67	2	3	2	3	1	3	3	3	2	AI Engineer
6.68	1	4	3	2	0	2	1	4	2	ML Engineer
5.93	5	3	3	3	1	3	2	4	4	ML Engineer
7.69	1	2	4	1	1	5	4	5	2	ML Engineer
8.44	1	1	2	1	0	3	4	1	3	ML Engineer
9.22	4	3	5	1	1	1	3	3	4	ML Engineer
8.06	5	5	2	4	1	1	4	4	1	Data Analyst
7.27	1	4	3	2	1	5	4	3	1	ML Engineer
6.8	4	5	5	3	1	4	2	4	4	AI Engineer
7.61	3	1	3	1	1	4	2	4	2	Data Analyst
7.33	5	1	4	2	0	1	5	2	5	ML Engineer
6.69	1	3	5	2	0	1	5	1	5	Data Analyst
9.44	5	1	5	5	1	2	1	5	5	ML Engineer
9.21	4	3	3	3	1	2	4	5	5	AI Engineer
8.62	5	5	3	7	1	2	1	5	5	Data Analyst
6.77	2	2	1	0	1	3	5	2	2	Data Analyst
8.37	5	3	3	3	1	2	3	2	5	ML Engineer
8.18	4	4	5	3	0	1	4	2	2	ML Engineer
8	1	1	3	3	1	3	4	1	3	ML Engineer
8.72	5	5	2	3	1	4	4	1	1	Data Analyst
8.17	4	2	1	3	1	4	2	2	5	ML Engineer
8.27	2	5	2	2	0	2	5	5	3	ML Engineer
8.17	3	4	2	4	0	2	3	2	5	Data Analyst
7.91	2	1	5	1	0	3	3	3	2	ML Engineer
5.99	3	4	3	3	1	1	2	3	2	Data Analyst
7.68	5	1	1	0	1	5	1	2	3	Data Analyst
7.1	5	3	1	3	0	5	3	5	5	Data Analyst
6.45	2	5	5	3	1	1	2	1	3	Data Analyst
9.11	5	5	5	4	1	5	4	5	4	AI Engineer
9.16	3	5	4	1	0	1	2	4	2	Data Analyst
8.82	4	3	1	1	1	3	5	2	4	Data Analyst
7.83	4	3	1	0	1	4	4	4	4	Data Analyst
8.82	3	2	1	3	0	2	3	3	5	AI Engineer
7.61	3	5	4	3	1	2	4	5	1	ML Engineer
7.78	3	3	4	4	1	1	4	1	2	Data Analyst
6.62	5	4	5	4	0	4	4	1	1	ML Engineer
7.96	2	2	1	1	0	1	3	3	3	Data Analyst
7.65	2	4	1	1	1	3	5	5	4	Data Analyst
6.43	2	2	5	3	0	2	2	1	4	AI Engineer
7.55	1	4	5	0	1	5	3	4	4	Data Analyst
7.53	2	1	4	1	1	5	2	5	4	AI Engineer
9.22	1	1	1	1	1	5	3	3	5	Data Analyst
8.4	1	2	1	5	1	4	5	5	5	Data Analyst
7.61	4	3	1	5	1	3	4	4	3	ML Engineer
7.82	1	4	4	2	1	2	2	2	5	Data Analyst
7.64	3	2	5	1	1	1	5	5	1	AI Engineer
7.42	4	1	4	1	0	5	4	4	4	Data Analyst
6.63	4	2	2	0	0	2	3	1	3	AI Engineer
7.46	3	3	4	1	0	3	1	3	5	Data Analyst
6.93	1	3	1	0	0	1	3	4	3	Data Analyst
6.47	5	4	5	4	1	2	5	5	1	Data Analyst
8.06	5	2	5	2	0	4	3	4	4	AI Engineer
7.95	4	4	4	1	0	3	1	3	5	Data Analyst
5.99	1	4	5	1	0	3	1	2	1	Data Analyst
7.49	1	4	3	1	1	2	5	1	1	Data Analyst
8.5	2	3	3	2	1	1	3	1	4	Data Analyst
8.55	1	5	2	0	1	5	4	4	3	Data Analyst
8.52	5	2	5	1	1	3	2	5	3	AI Engineer
7.64	2	4	4	5	1	2	1	1	1	AI Engineer
6.84	2	1	1	1	1	2	3	4	3	Data Analyst
6.62	5	1	5	2	0	4	4	3	3	ML Engineer
7.91	5	5	1	2	1	3	2	1	5	Data Analyst
7.94	2	3	3	3	0	2	4	2	2	Data Analyst
8.76	2	4	1	2	1	5	3	2	2	Data Analyst
8.59	3	4	4	0	1	5	2	4	1	Data Analyst
7.48	4	4	3	5	0	1	2	2	3	ML Engineer
6.48	5	2	3	2	1	4	2	5	4	ML Engineer
7.31	5	1	4	2	0	5	2	2	2	ML Engineer
7.8	5	1	4	1	0	3	4	1	4	Data Analyst
7.42	1	5	2	7	0	1	2	1	5	Data Analyst
7.08	2	2	5	4	0	1	4	3	1	ML Engineer
7.83	3	3	3	4	0	4	2	3	3	Data Analyst
7.15	1	3	1	1	1	5	2	4	4	Data Analyst
7.03	2	1	1	3	1	1	5	3	1	AI Engineer
7.88	1	3	2	4	1	3	5	1	1	Data Analyst
7.24	5	1	4	3	1	3	3	2	2	ML Engineer
7.82	1	1	3	1	0	2	2	3	1	Data Analyst
7.85	1	1	2	3	0	4	4	2	2	Data Analyst
6.57	1	5	3	3	1	5	1	4	1	Data Analyst
7.17	1	3	5	2	1	2	3	5	5	Data Analyst
8.89	3	5	3	2	1	1	3	2	3	Data Analyst
6.55	2	3	1	1	0	2	4	3	2	Data Analyst
5.7	5	2	1	3	1	2	1	5	4	Data Analyst
5.92	2	4	3	2	1	4	1	2	1	Data Analyst
7.63	3	5	3	1	0	3	2	3	3	Data Analyst
7.63	4	3	5	4	0	1	1	2	4	Data Analyst
7.49	4	1	3	2	0	2	3	4	5	AI Engineer
8.69	4	2	4	5	1	4	5	4	2	AI Engineer
5.19	2	5	3	1	1	3	2	1	3	Data Analyst
7.96	3	3	2	3	1	3	3	1	4	Data Analyst
9.01	5	5	4	3	0	2	2	1	4	Data Analyst
6.58	5	3	4	7	1	2	1	1	1	ML Engineer
7.26	4	1	4	3	1	1	4	1	5	ML Engineer
6.92	4	5	1	4	1	1	2	4	2	Data Analyst
6.8	5	4	4	3	1	1	3	5	2	ML Engineer
7.31	4	4	2	1	0	4	4	3	1	Data Analyst
8.88	5	5	4	3	0	1	5	5	1	ML Engineer
9.25	1	1	4	3	1	3	1	4	2	AI Engineer
7.3	2	5	4	3	1	5	3	5	1	ML Engineer
9.31	1	2	5	1	1	4	5	4	4	Data Analyst
7.63	1	5	3	2	1	3	3	1	3	Data Analyst
9.18	3	1	1	4	0	1	1	3	2	Data Analyst
7.52	2	3	4	2	0	3	2	3	3	ML Engineer
7.72	3	4	4	1	1	5	4	4	4	Data Analyst
7.93	3	1	1	2	0	2	4	4	1	ML Engineer
10	4	1	1	1	1	5	2	1	2	ML Engineer
8.37	5	5	2	2	0	4	1	4	5	Data Analyst
6.96	5	1	5	2	0	2	2	5	1	AI Engineer
8.47	2	4	3	2	1	1	2	1	5	Data Analyst
7.27	2	5	5	2	0	1	4	3	5	AI Engineer
7.16	4	4	5	2	1	2	5	5	2	AI Engineer
8.42	1	3	3	3	1	2	1	1	2	ML Engineer
7.63	3	3	4	7	1	4	4	1	2	ML Engineer
7.85	3	4	2	3	1	3	4	5	3	Data Analyst
7.61	1	3	1	3	1	3	4	1	2	Data Analyst
7.9	4	3	2	3	1	4	5	4	4	ML Engineer
7.98	2	1	3	3	0	4	1	5	2	ML Engineer
5.86	1	4	1	2	0	4	4	3	5	Data Analyst
8.2	4	4	2	2	1	5	1	3	5	Data Analyst
6.72	1	4	1	3	1	2	5	3	3	Data Analyst
6.3	4	1	4	1	1	5	3	2	3	ML Engineer
7.55	1	4	5	1	1	3	1	2	1	AI Engineer
7.68	3	4	5	1	1	1	4	3	1	AI Engineer
6.98	5	1	2	0	0	1	4	5	3	AI Engineer
8.35	2	5	3	3	1	1	3	5	3	Data Analyst
6.39	4	3	5	1	0	5	2	5	2	Data Analyst
7.23	4	3	3	0	0	1	1	1	1	Data Analyst
7.07	5	4	2	3	1	5	5	2	5	Data Analyst
7.56	1	3	2	2	1	4	1	4	3	Data Analyst
7.85	4	3	4	1	0	3	5	3	3	Data Analyst
6.69	5	2	3	0	1	5	3	2	3	AI Engineer
8.25	4	5	5	5	1	5	4	2	3	ML Engineer
7.66	1	5	5	3	1	5	4	1	4	ML Engineer
5.9	5	1	1	1	1	3	5	2	4	Data Analyst
5.84	1	4	4	3	1	2	1	3	3	ML Engineer
7.59	3	1	2	0	1	1	5	3	1	ML Engineer
7.4	3	2	3	1	0	5	1	3	5	Data Analyst
7.51	3	5	2	1	0	5	5	2	2	ML Engineer
7.57	3	1	2	3	0	3	2	2	1	ML Engineer
7.8	1	2	2	3	0	1	5	5	1	AI Engineer
8.45	3	2	1	3	1	5	1	3	4	ML Engineer
6.6	5	4	4	2	0	2	3	2	2	ML Engineer
6.55	3	3	1	2	1	3	3	4	1	ML Engineer
6.62	2	3	2	2	0	4	5	3	5	Data Analyst
7.86	5	5	1	2	0	1	1	3	2	Data Analyst
8.72	1	3	1	3	1	1	1	2	5	Data Analyst
7.21	3	4	2	5	1	1	4	4	5	Data Analyst
5.35	3	1	5	2	1	5	1	1	1	ML Engineer
6.07	3	2	5	5	1	5	4	5	4	AI Engineer
6.85	5	5	2	4	0	3	1	3	4	Data Analyst
7.1	3	5	3	0	1	3	5	3	1	AI Engineer
7.23	5	4	5	1	1	3	3	2	2	Data Analyst
7.63	1	2	2	3	0	2	5	3	3	Data Analyst
7.32	4	1	5	3	1	3	1	4	1	ML Engineer
8.54	3	5	1	1	1	2	2	3	4	Data Analyst
6.99	2	4	2	3	1	4	3	1	2	Data Analyst
6.82	2	2	2	2	1	2	1	3	5	Data Analyst
8.03	4	3	1	0	1	4	1	2	5	ML Engineer
6.22	4	4	5	3	0	5	2	1	4	Data Analyst
7.95	4	3	5	6	1	2	4	5	1	AI Engineer
7.69	1	5	2	4	0	1	4	2	1	ML Engineer
7.47	3	1	5	4	0	3	1	3	1	ML Engineer
9.03	5	2	4	0	0	1	1	1	3	ML Engineer
7.04	1	1	5	4	1	2	4	2	4	AI Engineer
9.45	3	4	5	2	1	4	2	2	1	ML Engineer
7.4	3	4	3	4	1	3	4	1	4	ML Engineer
6.45	5	5	1	3	1	3	2	5	1	AI Engineer
7.66	2	3	5	4	1	4	2	2	2	ML Engineer
6.63	3	1	4	3	1	1	2	3	3	ML Engineer
6.92	4	3	5	3	0	3	2	3	5	Data Analyst
7.96	1	1	5	0	1	1	4	3	4	Data Analyst
8.1	5	4	1	3	0	3	3	3	3	Data Analyst
7.04	5	4	3	2	0	2	4	3	1	ML Engineer
8.49	4	5	1	1	0	5	1	1	2	Data Analyst
8.64	4	2	1	1	0	2	3	4	4	ML Engineer
8.89	4	2	5	2	1	2	3	1	1	ML Engineer
8.08	4	1	5	4	1	1	5	3	4	ML Engineer
8.83	5	3	5	3	0	1	3	2	4	ML Engineer
5.91	3	3	5	1	1	2	1	3	4	AI Engineer
7.31	3	4	4	4	0	2	4	1	2	ML Engineer
6.82	4	4	3	3	0	4	1	4	2	ML Engineer
7.71	1	1	5	2	0	5	5	3	1	ML Engineer
7.09	5	2	3	1	0	5	2	1	2	AI Engineer
7.45	4	3	4	2	0	5	4	1	3	ML Engineer
9.29	4	2	2	6	0	5	4	3	1	AI Engineer
7.45	2	1	4	2	0	3	3	4	3	AI Engineer
7.97	2	5	5	4	0	2	3	3	2	AI Engineer
7.39	3	4	4	2	1	4	1	4	3	AI Engineer
7.67	4	3	3	0	0	2	1	4	2	AI Engineer
7.61	4	2	1	0	0	4	4	5	5	AI Engineer
8	4	5	1	3	1	5	5	5	2	ML Engineer
8.65	5	1	4	1	0	1	5	5	5	ML Engineer
9.08	5	3	4	3	1	4	2	4	1	ML Engineer
7.88	4	5	4	2	0	5	2	3	1	Data Analyst
8.13	2	5	5	1	1	3	2	3	1	AI Engineer
6.56	3	2	3	0	1	2	4	4	3	AI Engineer
7.52	3	4	5	5	1	2	4	1	5	Data Analyst
8.45	4	1	4	5	1	1	4	4	1	ML Engineer
8.38	5	1	2	3	1	2	5	3	4	Data Analyst
7.79	2	2	5	1	0	4	2	3	4	ML Engineer
8.4	3	5	1	0	0	3	4	5	2	Data Analyst
8.04	1	4	3	0	1	2	3	4	2	Data Analyst
8.68	4	3	5	6	0	3	5	5	5	AI Engineer
7.86	3	2	4	4	0	5	2	5	4	ML Engineer
7.28	3	1	5	6	1	1	1	5	2	ML Engineer
7.9	3	2	1	3	0	1	2	2	5	Data Analyst
5	2	1	3	4	0	5	4	1	3	Data Analyst
7.94	3	1	4	3	1	4	5	2	1	Data Analyst
5	4	4	4	2	0	3	5	4	5	AI Engineer
6.05	2	1	5	1	1	5	1	5	5	AI Engineer
8.01	1	1	3	0	1	3	3	5	3	AI Engineer
8.03	2	3	4	5	1	3	1	4	4	Data Analyst
6.55	1	2	3	5	1	2	2	4	2	AI Engineer
6.96	2	3	5	2	0	5	5	5	5	ML Engineer
8.83	4	1	1	3	1	4	5	4	2	AI Engineer
7.16	1	2	2	5	1	2	1	1	2	Data Analyst
9.62	4	3	1	6	1	4	1	3	3	ML Engineer
7.6	2	4	4	2	0	4	4	2	2	ML Engineer
7.97	5	3	2	4	0	1	3	4	4	AI Engineer
9.06	4	3	2	5	0	1	3	4	4	ML Engineer
7.72	2	3	5	1	0	3	5	2	3	ML Engineer
6.7	3	2	2	2	0	4	5	2	4	Data Analyst
7.5	1	2	1	4	1	4	5	1	3	Data Analyst
7.57	1	3	1	1	0	2	4	2	5	Data Analyst
6.37	5	1	2	4	1	5	5	5	2	AI Engineer
7.37	5	4	5	1	1	3	4	4	4	ML Engineer
6.93	1	4	3	3	0	2	5	5	3	AI Engineer
8.43	2	2	5	2	1	1	3	5	5	AI Engineer
7.63	1	2	2	2	1	5	1	5	2	AI Engineer
7.35	2	2	2	3	0	4	5	1	1	ML Engineer
7.5	2	4	1	2	1	3	5	2	5	Data Analyst
7.8	2	4	2	4	1	2	2	1	5	Data Analyst
8.16	3	1	3	1	1	1	3	1	4	ML Engineer
6.7	1	3	5	2	1	1	3	2	3	ML Engineer
6.66	5	1	2	1	1	1	4	2	3	ML Engineer
8.59	4	3	4	4	0	3	4	1	4	ML Engineer
7.23	4	2	4	1	1	1	2	5	4	AI Engineer
6.32	1	2	2	5	1	1	5	3	2	AI Engineer
8	4	3	5	1	1	2	5	4	1	ML Engineer
8.02	5	2	3	2	1	4	5	4	1	ML Engineer
6.22	1	2	1	1	1	3	3	5	2	AI Engineer
7.81	4	4	5	2	1	1	1	1	4	Data Analyst
8.26	2	5	5	2	0	4	5	2	3	Data Analyst
7.94	4	1	1	4	1	3	1	2	4	Data Analyst
8.17	3	2	5	1	0	1	1	3	3	ML Engineer
6.34	5	5	5	1	1	4	2	3	2	ML Engineer
7.9	1	3	5	4	1	5	1	4	4	AI Engineer
7.33	2	2	2	2	1	3	4	3	4	Data Analyst
7.17	2	3	4	1	1	1	3	2	5	Data Analyst
8.38	2	1	3	1	1	2	2	3	5	Data Analyst
8.93	2	1	4	2	0	3	1	5	2	AI Engineer
9.21	2	4	4	4	0	5	2	3	4	ML Engineer
8.78	1	3	4	2	0	5	4	3	2	Data Analyst
7.5	4	4	3	1	1	5	4	1	5	Data Analyst
7.92	3	2	4	5	0	5	2	1	4	ML Engineer
8.29	5	5	3	0	1	3	1	2	5	ML Engineer
7.71	4	3	1	3	0	4	3	1	2	ML Engineer
7.72	1	4	1	3	1	4	4	3	1	ML Engineer
8.34	1	1	5	2	1	4	1	5	1	AI Engineer
